City_ID,City,Lat,Lng,Max Temp,Humidity,Cloudiness,Wind Speed,Country,Date
0,Isernia,41.6002,14.2382,43.0,93,100,4.94,IT,2021-01-07 18:29:20
1,Ilulissat,69.2167,-51.1,12.2,79,90,19.57,GL,2021-01-07 18:32:37
2,Te Anau,-45.4167,167.7167,48.45,90,62,3.89,NZ,2021-01-07 18:30:46
3,Atuona,-9.8,-139.0333,77.34,72,5,15.52,PF,2021-01-07 18:28:50
4,Mahebourg,-20.4081,57.7,78.8,73,75,11.5,MU,2021-01-07 18:30:17
5,Bilibino,68.0546,166.4372,-14.98,86,100,2.01,RU,2021-01-07 18:32:37
6,Mataura,-46.1927,168.8643,52.0,80,31,1.99,NZ,2021-01-07 18:32:38
7,Totness,5.8833,-56.3167,81.68,78,73,12.68,SR,2021-01-07 18:32:38
8,Bambous Virieux,-20.3428,57.7575,78.8,73,75,11.5,MU,2021-01-07 18:32:38
9,Albany,42.6001,-73.9662,33.01,69,31,1.99,US,2021-01-07 18:29:39
10,Rikitea,-23.1203,-134.9692,77.63,73,100,8.81,PF,2021-01-07 18:32:39
11,Kapaa,22.0752,-159.319,73.4,78,20,16.11,US,2021-01-07 18:32:39
12,Lazaro Cardenas,17.9583,-102.2,83.14,55,10,6.6,MX,2021-01-07 18:32:39
13,Tabou,4.423,-7.3528,79.16,85,68,7.9,CI,2021-01-07 18:32:40
14,Torbay,47.6666,-52.7314,43.0,100,90,29.93,CA,2021-01-07 18:32:40
15,Busselton,-33.65,115.3333,77.0,41,100,5.01,AU,2021-01-07 18:32:40
16,Toamasina,-18.1667,49.3833,78.8,83,20,3.44,MG,2021-01-07 18:31:06
17,Punta Arenas,-53.15,-70.9167,59.0,55,0,26.46,CL,2021-01-07 18:32:21
18,Margate,51.3813,1.3862,36.0,74,99,5.99,GB,2021-01-07 18:30:15
19,Port Alfred,-33.5906,26.891,69.01,90,0,8.01,ZA,2021-01-07 18:28:43
20,Hithadhoo,-0.6,73.0833,82.45,80,100,19.3,MV,2021-01-07 18:32:41
21,Vaini,-21.2,-175.2,77.0,100,75,5.75,TO,2021-01-07 18:28:39
22,New Norfolk,-42.7826,147.0587,53.01,87,9,2.08,AU,2021-01-07 18:32:42
23,Eureka,40.8021,-124.1637,46.99,81,1,3.44,US,2021-01-07 18:32:42
24,Qaanaaq,77.484,-69.3632,-18.24,69,0,8.59,GL,2021-01-07 18:32:42
25,Bethel,41.3712,-73.414,35.6,51,1,14.97,US,2021-01-07 18:30:37
26,Maridi,4.9158,29.4742,79.21,27,1,2.17,SS,2021-01-07 18:32:43
27,Puerto Ayora,-0.7393,-90.3518,82.4,57,40,14.97,EC,2021-01-07 18:32:43
28,Nikolskoye,59.7035,30.7861,24.8,93,75,6.71,RU,2021-01-07 18:29:01
29,Nichinan,31.6,131.3667,28.0,58,100,18.01,JP,2021-01-07 18:32:43
30,Baruun-Urt,46.6806,113.2792,-17.54,82,0,9.22,MN,2021-01-07 18:32:43
31,Lagoa,39.05,-27.9833,56.93,68,51,22.37,PT,2021-01-07 18:28:45
32,Coihaique,-45.5752,-72.0662,60.8,44,40,9.22,CL,2021-01-07 18:32:44
33,Whitehorse,60.7161,-135.0538,24.8,80,90,18.41,CA,2021-01-07 18:29:45
34,Kahului,20.8947,-156.47,73.4,68,40,16.11,US,2021-01-07 18:32:44
35,East London,-33.0153,27.9116,71.6,78,0,16.11,ZA,2021-01-07 18:32:45
36,Brae,60.3964,-1.353,32.0,100,75,20.71,GB,2021-01-07 18:30:20
37,Cabo San Lucas,22.8909,-109.9124,80.6,53,20,6.91,MX,2021-01-07 18:28:46
38,Zinder,13.8072,8.9881,89.6,13,0,4.61,NE,2021-01-07 18:32:46
39,Ucluelet,48.9329,-125.5528,45.0,93,90,9.22,CA,2021-01-07 18:32:46
40,Yafran,32.0633,12.5286,60.93,33,100,14.14,LY,2021-01-07 18:32:46
41,Nemuro,43.3236,145.575,28.67,97,100,35.7,JP,2021-01-07 18:32:46
42,Naze,28.3667,129.4833,47.48,82,100,16.49,JP,2021-01-07 18:32:46
43,Kavieng,-2.5744,150.7967,82.26,76,100,9.13,PG,2021-01-07 18:32:47
44,Lebu,-37.6167,-73.65,61.03,67,0,20.65,CL,2021-01-07 18:32:47
45,Talnakh,69.4865,88.3972,-9.33,89,100,13.8,RU,2021-01-07 18:32:47
46,Kuching,1.55,110.3333,75.2,100,40,4.61,MY,2021-01-07 18:32:47
47,Bathsheba,13.2167,-59.5167,84.2,65,20,20.71,BB,2021-01-07 18:32:48
48,Khatanga,71.9667,102.5,-2.04,92,100,17.13,RU,2021-01-07 18:32:48
49,Limon,10.0,-83.0333,82.4,69,0,6.91,CR,2021-01-07 18:28:43
50,Butaritari,3.0707,172.7902,81.36,81,0,20.56,KI,2021-01-07 18:28:40
51,Cape Town,-33.9258,18.4232,71.01,68,20,20.71,ZA,2021-01-07 18:29:28
52,Matola,-25.9622,32.4589,77.0,88,90,5.75,MZ,2021-01-07 18:32:49
53,Bilma,18.6853,12.9164,77.4,17,0,6.71,NE,2021-01-07 18:31:06
54,Provideniya,64.3833,-173.3,-7.85,82,11,5.32,RU,2021-01-07 18:32:49
55,Tabuk,17.4189,121.4443,69.03,89,44,5.88,PH,2021-01-07 18:32:50
56,Kieta,-6.2167,155.6333,80.42,76,100,3.49,PG,2021-01-07 18:29:01
57,Asau,46.4333,26.4,39.0,54,96,6.73,RO,2021-01-07 18:32:50
58,Hobart,-42.8794,147.3294,53.6,94,75,9.22,AU,2021-01-07 18:30:17
59,Santa Maria,-29.6842,-53.8069,91.4,38,75,10.36,BR,2021-01-07 18:28:45
60,Kloulklubed,7.0419,134.2556,77.0,94,75,12.28,PW,2021-01-07 18:32:51
61,Kichera,55.9375,110.0997,-8.59,84,100,0.47,RU,2021-01-07 18:32:51
62,Ushuaia,-54.8,-68.3,59.0,47,40,4.61,AR,2021-01-07 18:31:34
63,Yellowknife,62.456,-114.3525,-0.99,77,20,3.04,CA,2021-01-07 18:31:17
64,Novocheboksarsk,56.111,47.4776,14.0,85,75,11.18,RU,2021-01-07 18:28:13
65,Clyde River,70.4692,-68.5914,-18.4,63,40,5.75,CA,2021-01-07 18:32:52
66,Tiksi,71.6872,128.8694,-16.42,88,100,19.93,RU,2021-01-07 18:32:52
67,Jamestown,42.097,-79.2353,30.99,80,90,6.91,US,2021-01-07 18:32:52
68,Najran,17.4924,44.1277,60.8,36,0,6.91,SA,2021-01-07 18:32:53
69,Upernavik,72.7868,-56.1549,-0.63,91,100,9.31,GL,2021-01-07 18:32:53
70,Mpulungu,-8.7623,31.1141,74.35,70,32,2.51,ZM,2021-01-07 18:32:53
71,Bubaque,11.2833,-15.8333,80.02,76,0,15.99,GW,2021-01-07 18:32:53
72,Kaitangata,-46.2817,169.8464,53.01,72,59,4.0,NZ,2021-01-07 18:32:53
73,Carutapera,-1.195,-46.02,87.55,61,12,9.73,BR,2021-01-07 18:29:51
74,Vernon,50.2581,-119.2691,34.0,74,3,5.75,CA,2021-01-07 18:32:54
75,Hualmay,-11.0964,-77.6139,76.53,66,16,12.1,PE,2021-01-07 18:32:54
76,Avarua,-21.2078,-159.775,80.6,83,20,6.91,CK,2021-01-07 18:32:55
77,Yelizovo,53.1873,158.3805,-5.8,71,19,11.18,RU,2021-01-07 18:32:55
78,Karratha,-20.7377,116.8463,84.31,70,0,0.92,AU,2021-01-07 18:32:55
79,Sayyan,15.1718,44.3244,43.65,58,0,5.39,YE,2021-01-07 18:32:55
80,Vanimo,-2.6741,141.3028,78.84,81,100,4.16,PG,2021-01-07 18:32:55
81,Seminole,28.7086,-81.2081,73.0,49,1,11.5,US,2021-01-07 18:32:56
82,Jacareacanga,-6.2222,-57.7528,91.4,66,40,4.61,BR,2021-01-07 18:32:56
83,San Quintin,30.4833,-115.95,67.06,47,0,5.86,MX,2021-01-07 18:32:56
84,Thompson,55.7435,-97.8558,23.0,93,75,8.05,CA,2021-01-07 18:28:21
85,Bayeux,-7.125,-34.9322,86.0,62,20,13.8,BR,2021-01-07 18:28:41
86,Castro,-24.7911,-50.0119,72.16,88,100,6.29,BR,2021-01-07 18:32:57
87,Cherskiy,68.75,161.3,-14.93,89,100,4.14,RU,2021-01-07 18:28:32
88,Barrow,71.2906,-156.7887,-7.6,77,40,5.75,US,2021-01-07 18:32:58
89,Wuwei,37.9281,102.6414,5.11,71,0,0.72,CN,2021-01-07 18:32:58
90,Arlit,18.7369,7.3853,85.95,13,0,9.91,NE,2021-01-07 18:28:50
91,Bonthe,7.5264,-12.505,80.56,79,11,8.99,SL,2021-01-07 18:30:17
92,Flinders,-34.5833,150.8552,64.99,85,39,1.99,AU,2021-01-07 18:32:59
93,Port Blair,11.6667,92.75,80.56,81,0,11.52,IN,2021-01-07 18:29:05
94,Bredasdorp,-34.5322,20.0403,69.8,68,49,9.22,ZA,2021-01-07 18:32:59
95,Skibbereen,51.55,-9.2667,35.6,93,75,8.05,IE,2021-01-07 18:33:00
96,Bluff,-46.6,168.3333,52.0,80,43,1.99,NZ,2021-01-07 18:33:00
97,Itoman,26.1247,127.6694,51.8,76,75,21.85,JP,2021-01-07 18:33:00
98,Egvekinot,66.3167,-179.1667,-16.08,91,97,0.98,RU,2021-01-07 18:33:01
99,Veraval,20.9,70.3667,68.29,49,0,14.94,IN,2021-01-07 18:29:42
100,Hovd,48.0056,91.6419,-12.05,79,0,0.83,MN,2021-01-07 18:33:01
101,Hilo,19.7297,-155.09,71.6,73,75,5.75,US,2021-01-07 18:28:40
102,Tasiilaq,65.6145,-37.6368,23.0,80,75,6.91,GL,2021-01-07 18:33:02
103,Ballina,-28.8667,153.5667,69.8,88,75,14.97,AU,2021-01-07 18:33:02
104,Georgetown,5.4112,100.3354,80.01,83,20,3.44,MY,2021-01-07 18:30:17
105,Mar Del Plata,-38.0023,-57.5575,73.4,68,40,14.97,AR,2021-01-07 18:30:00
106,Avera,33.194,-82.5271,51.8,46,1,10.36,US,2021-01-07 18:29:44
107,Anqiu,36.4342,119.1925,7.79,76,0,7.09,CN,2021-01-07 18:33:03
108,Mogadishu,2.0371,45.3438,76.46,79,5,23.04,SO,2021-01-07 18:33:03
109,Cairns,-16.9167,145.7667,77.0,94,44,3.44,AU,2021-01-07 18:33:04
110,Turkan,40.3639,50.215,41.0,87,0,9.22,AZ,2021-01-07 18:33:04
111,Havre-Saint-Pierre,50.2334,-63.5986,32.0,64,90,23.02,CA,2021-01-07 18:33:05
112,Kamenka,51.3223,42.7678,34.0,97,100,7.78,RU,2021-01-07 18:33:05
113,Santiago De Las Vegas,22.97,-82.3869,80.6,65,75,6.91,CU,2021-01-07 18:33:05
114,Fortuna,40.5982,-124.1573,48.0,81,1,5.75,US,2021-01-07 18:33:05
115,Saravan,39.7196,45.6483,19.4,93,90,4.61,AM,2021-01-07 18:33:05
116,Imbituba,-28.24,-48.6703,82.4,78,40,12.66,BR,2021-01-07 18:33:06
117,Port Elizabeth,-33.918,25.5701,71.6,83,0,18.41,ZA,2021-01-07 18:33:06
118,Mount Isa,-20.7333,139.5,82.4,24,0,9.22,AU,2021-01-07 18:30:05
119,Santander,43.4647,-3.8044,43.0,75,75,4.61,ES,2021-01-07 18:33:06
120,Grand Gaube,-20.0064,57.6608,77.0,73,88,8.99,MU,2021-01-07 18:33:07
121,Airai,-8.9266,125.4092,61.86,100,100,1.54,TL,2021-01-07 18:33:07
122,Abu Dhabi,24.4667,54.3667,66.2,48,0,6.91,AE,2021-01-07 18:33:07
123,Klaksvik,62.2266,-6.589,30.2,64,75,20.71,FO,2021-01-07 18:33:07
124,Ugoofaaru,5.6667,73.0,81.97,72,0,5.32,MV,2021-01-07 18:33:08
125,Cidreira,-30.1811,-50.2056,80.06,73,94,8.01,BR,2021-01-07 18:28:45
126,Dixon,38.4455,-121.8233,55.0,71,1,11.5,US,2021-01-07 18:29:04
127,Kirakira,-10.4544,161.9205,81.27,72,100,1.86,SB,2021-01-07 18:33:08
128,Tuatapere,-46.1333,167.6833,52.0,80,16,1.99,NZ,2021-01-07 18:33:08
129,Hervey Bay,-25.2986,152.8535,73.99,89,100,5.99,AU,2021-01-07 18:33:09
130,Mungwi,-10.1732,31.3694,67.12,85,32,1.9,ZM,2021-01-07 18:33:09
131,Bowen,-20.0167,148.2333,75.2,94,90,3.44,AU,2021-01-07 18:33:09
132,Mayo,38.8876,-76.5119,46.0,52,1,8.05,US,2021-01-07 18:33:09
133,Niceville,30.5169,-86.4822,64.99,88,75,14.97,US,2021-01-07 18:33:09
134,Hermanus,-34.4187,19.2345,71.01,69,59,1.01,ZA,2021-01-07 18:33:10
135,Petropavlovskoye,52.0712,84.107,-15.41,82,78,0.4,RU,2021-01-07 18:33:10
136,Mosquera,4.7059,-74.2302,64.4,45,75,16.11,CO,2021-01-07 18:33:00
137,Tilichiki,60.4667,166.1,-14.51,88,1,9.08,RU,2021-01-07 18:33:10
138,Trinidad,-14.8333,-64.9,84.2,74,40,3.44,BO,2021-01-07 18:33:10
139,Labuhan,-6.8844,112.2051,77.32,86,100,7.0,ID,2021-01-07 18:33:11
140,Olafsvik,64.8945,-23.7142,34.99,92,100,20.29,IS,2021-01-07 18:33:11
141,Pisco,-13.7,-76.2167,77.0,69,0,9.22,PE,2021-01-07 18:33:11
142,Saint-Philippe,-21.3585,55.7679,78.8,69,90,19.57,RE,2021-01-07 18:28:38
143,Cap-Aux-Meules,47.3821,-61.8597,33.8,100,100,27.63,CA,2021-01-07 18:29:19
144,Chokurdakh,70.6333,147.9167,-13.92,90,97,8.68,RU,2021-01-07 18:33:12
145,Vardo,70.3705,31.1107,17.6,93,20,31.07,NO,2021-01-07 18:33:12
146,Kodiak,57.79,-152.4072,37.4,93,90,9.22,US,2021-01-07 18:33:12
147,Tuktoyaktuk,69.4541,-133.0374,-13.0,77,20,12.66,CA,2021-01-07 18:33:12
148,Mnogovershinnyy,53.9353,139.9242,-29.61,82,55,4.32,RU,2021-01-07 18:33:13
149,Kenmare,51.8833,-9.5833,33.84,91,14,4.23,IE,2021-01-07 18:33:13
150,Baykit,61.67,96.37,-13.97,83,75,5.3,RU,2021-01-07 18:30:44
151,Pritzwalk,53.1494,12.1741,35.01,92,100,7.43,DE,2021-01-07 18:33:13
152,Anchorage,61.2181,-149.9003,28.99,80,75,3.44,US,2021-01-07 18:32:00
153,Beringovskiy,63.05,179.3167,-16.65,86,8,5.46,RU,2021-01-07 18:33:14
154,Novoasbest,57.7422,60.2877,4.8,93,100,7.25,RU,2021-01-07 18:33:14
155,Ponta Do Sol,32.6667,-17.1,57.2,82,75,17.27,PT,2021-01-07 18:33:14
156,Umarkhed,19.6,77.7,74.07,67,84,3.09,IN,2021-01-07 18:33:14
157,Touros,-5.1989,-35.4608,86.0,62,40,16.11,BR,2021-01-07 18:33:15
158,Zeya,53.75,127.2667,-17.9,81,100,0.34,RU,2021-01-07 18:33:15
159,Lieksa,63.3167,30.0167,11.57,96,90,8.52,FI,2021-01-07 18:33:15
160,Cayenne,4.9333,-52.3333,80.6,78,75,16.11,GF,2021-01-07 18:33:15
161,Iqaluit,63.7506,-68.5145,-16.01,63,20,8.05,CA,2021-01-07 18:29:08
162,El Guante,14.55,-87.1,82.4,60,75,4.61,HN,2021-01-07 18:33:16
163,Vila,42.0304,-8.1588,33.01,85,0,7.0,PT,2021-01-07 18:33:16
164,Narsaq,60.9167,-46.05,37.4,87,90,3.44,GL,2021-01-07 18:33:16
165,Saint George,37.1041,-113.5841,37.4,44,1,1.19,US,2021-01-07 18:33:16
166,Palmer,42.1584,-72.3287,37.99,44,40,10.36,US,2021-01-07 18:33:00
167,Norman Wells,65.282,-126.8329,-11.2,77,40,4.61,CA,2021-01-07 18:33:17
168,Pevek,69.7008,170.3133,-8.97,91,100,5.12,RU,2021-01-07 18:33:17
169,Axim,4.8699,-2.2405,79.72,84,100,6.38,GH,2021-01-07 18:33:17
170,Iisalmi,63.5592,27.1907,19.4,86,90,6.91,FI,2021-01-07 18:33:18
171,Krasnoselkup,65.7,82.4667,-13.61,88,17,17.05,RU,2021-01-07 18:33:18
172,Portland,45.5234,-122.6762,46.99,93,90,9.22,US,2021-01-07 18:28:18
173,Saint Anthony,45.0205,-93.218,25.0,86,90,3.87,US,2021-01-07 18:33:18
174,Kolosovka,56.4678,73.611,-16.98,83,0,3.98,RU,2021-01-07 18:33:19
175,Leningradskiy,69.3833,178.4167,-9.38,86,100,8.97,RU,2021-01-07 18:28:41
176,Orange Cove,36.6244,-119.3137,46.99,100,90,3.44,US,2021-01-07 18:33:19
177,Krasnoarmeysk,51.0239,45.6969,25.0,98,100,8.99,RU,2021-01-07 18:33:19
178,Esperance,-33.8667,121.9,59.0,88,0,12.66,AU,2021-01-07 18:29:10
179,Wasilla,61.5814,-149.4394,30.99,55,20,13.8,US,2021-01-07 18:33:20
180,Sychevka,55.8252,34.2736,21.43,98,100,6.73,RU,2021-01-07 18:33:20
181,Bukene,-4.2333,32.8833,67.46,83,4,1.81,TZ,2021-01-07 18:33:20
182,Pedernales,18.0384,-71.744,80.96,64,6,7.02,DO,2021-01-07 18:33:20
183,Santa Cruz,-17.8,-63.1667,84.2,65,75,18.41,BO,2021-01-07 18:29:25
184,Bam,29.106,58.357,38.48,57,0,11.99,IR,2021-01-07 18:33:21
185,Coari,-4.085,-63.1414,84.96,73,61,1.34,BR,2021-01-07 18:30:01
186,Ayni,39.3941,68.5377,15.04,64,0,4.21,TJ,2021-01-07 18:33:21
187,Labytnangi,66.6572,66.4183,-18.89,87,89,9.71,RU,2021-01-07 18:33:22
188,Arraial Do Cabo,-22.9661,-42.0278,91.4,74,0,10.36,BR,2021-01-07 18:33:22
189,Meadow Lake,34.8014,-106.5436,45.0,30,20,4.61,US,2021-01-07 18:30:13
190,Cap Malheureux,-19.9842,57.6142,77.0,73,89,8.99,MU,2021-01-07 18:33:22
191,Hobyo,5.3505,48.5268,75.94,66,0,20.71,SO,2021-01-07 18:33:22
192,Marzuq,14.4,46.4667,57.4,36,0,2.37,YE,2021-01-07 18:28:30
193,Ocala,29.1872,-82.1401,70.0,60,1,11.5,US,2021-01-07 18:31:51
194,Guerrero Negro,27.9769,-114.0611,71.91,26,0,4.5,MX,2021-01-07 18:33:23
195,Bengkulu,-3.8004,102.2655,75.43,85,100,4.21,ID,2021-01-07 18:30:42
196,Carnarvon,-24.8667,113.6333,82.4,74,90,8.05,AU,2021-01-07 18:33:24
197,Baton Rouge,30.4508,-91.1545,53.01,76,90,16.11,US,2021-01-07 18:33:24
198,Carballo,43.213,-8.691,41.0,87,20,2.3,ES,2021-01-07 18:33:24
199,Sao Filipe,14.8961,-24.4956,77.18,69,0,10.0,CV,2021-01-07 18:33:24
200,Kathu,7.9178,98.3332,84.99,88,20,6.91,TH,2021-01-07 18:33:24
201,Basse,52.5518,9.5069,35.01,100,75,5.75,DE,2021-01-07 18:33:25
202,Longyearbyen,78.2186,15.6401,23.0,80,75,32.21,SJ,2021-01-07 18:33:25
203,Oranjestad,12.524,-70.027,84.2,70,40,19.57,AW,2021-01-07 18:31:21
204,Saint-Joseph,-21.3667,55.6167,78.8,69,90,19.57,RE,2021-01-07 18:32:51
205,Chuy,-33.6971,-53.4616,82.31,47,95,7.07,UY,2021-01-07 18:33:26
206,Tura,25.5198,90.2201,62.83,70,0,3.87,IN,2021-01-07 18:33:26
207,Codrington,-38.2667,141.9667,53.47,93,0,7.29,AU,2021-01-07 18:33:26
208,Ambilobe,-13.2,49.05,75.96,87,67,2.24,MG,2021-01-07 18:33:26
209,Adrar,20.5022,-10.0711,78.12,25,99,5.19,MR,2021-01-07 18:33:27
210,Acari,-15.4311,-74.6158,82.33,48,55,11.97,PE,2021-01-07 18:33:27
211,Auki,-8.7676,160.7034,79.02,81,100,3.65,SB,2021-01-07 18:33:27
212,Comodoro Rivadavia,-45.8667,-67.5,68.0,42,20,10.36,AR,2021-01-07 18:29:55
213,Rengali,21.6333,84.05,68.74,48,0,3.67,IN,2021-01-07 18:33:28
214,Pozo Colorado,-23.4923,-58.7972,76.48,91,100,5.53,PY,2021-01-07 18:33:28
215,Dingle,10.9995,122.6711,74.66,93,100,6.55,PH,2021-01-07 18:33:28
216,Lompoc,34.6391,-120.4579,60.8,66,1,4.61,US,2021-01-07 18:33:28
217,Tondano,1.3038,124.9112,75.2,94,20,1.14,ID,2021-01-07 18:33:29
218,Xingyi,24.1877,102.817,46.31,87,99,4.68,CN,2021-01-07 18:33:29
219,Tingo Maria,-9.2895,-76.0088,75.2,78,75,3.44,PE,2021-01-07 18:32:38
220,Pacific Grove,36.6177,-121.9166,57.99,66,1,5.79,US,2021-01-07 18:33:30
221,Fairbanks,64.8378,-147.7164,1.4,78,75,4.83,US,2021-01-07 18:33:30
222,Bac Lieu,9.285,105.7244,76.82,78,100,16.44,VN,2021-01-07 18:33:30
223,Alta Floresta,-9.8756,-56.0861,91.4,55,40,3.44,BR,2021-01-07 18:33:30
224,Fillan,63.6064,8.9696,23.0,68,0,20.71,NO,2021-01-07 18:33:31
225,Ostrovnoy,68.0531,39.5131,12.29,94,32,10.94,RU,2021-01-07 18:28:51
226,Zaysan,47.4667,84.8667,-3.93,85,100,2.39,KZ,2021-01-07 18:33:31
227,Bonnyville,54.2668,-110.735,23.0,86,20,6.85,CA,2021-01-07 18:30:20
228,Xiaoshi,41.2971,124.1209,-9.4,49,0,4.47,CN,2021-01-07 18:33:31
229,Tual,-5.6667,132.75,82.8,78,100,11.05,ID,2021-01-07 18:33:32
230,Hambantota,6.1241,81.1185,75.2,100,0,3.44,LK,2021-01-07 18:30:39
231,Puerto Escondido,15.85,-97.0667,83.14,61,48,8.75,MX,2021-01-07 18:33:32
232,Sabha,27.0377,14.4283,64.76,29,89,5.99,LY,2021-01-07 18:33:32
233,Los Llanos De Aridane,28.6585,-17.9182,69.8,64,40,21.85,ES,2021-01-07 18:33:33
234,Gladstone,-23.85,151.25,77.0,69,90,10.36,AU,2021-01-07 18:33:33
235,Camopi,3.1655,-52.3158,79.36,91,100,4.38,GF,2021-01-07 18:33:33
236,Grindavik,63.8424,-22.4338,26.6,80,75,14.97,IS,2021-01-07 18:29:00
237,Neepawa,50.2289,-99.4664,32.0,93,90,14.97,CA,2021-01-07 18:33:34
238,Williams Lake,52.1415,-122.1445,25.0,86,75,6.91,CA,2021-01-07 18:33:28
239,Birao,10.2849,22.7882,74.32,20,88,6.02,CF,2021-01-07 18:33:34
240,Ahipara,-35.1667,173.1667,65.55,93,100,6.73,NZ,2021-01-07 18:33:34
241,Sontra,51.0667,9.9333,34.0,92,96,1.01,DE,2021-01-07 18:33:35
242,Hofn,64.2539,-15.2082,21.2,53,75,8.05,IS,2021-01-07 18:33:35
243,Souillac,-20.5167,57.5167,78.8,73,75,11.5,MU,2021-01-07 18:33:35
244,Chapais,49.7834,-74.8492,15.8,92,90,10.36,CA,2021-01-07 18:33:35
245,Ancud,-41.8697,-73.8203,64.4,48,40,5.75,CL,2021-01-07 18:33:35
246,Luderitz,-26.6481,15.1594,69.85,60,0,21.3,NA,2021-01-07 18:33:36
247,Nouadhibou,20.931,-17.0347,73.4,78,0,9.22,MR,2021-01-07 18:33:36
248,Namibe,-15.1961,12.1522,72.61,76,100,12.95,AO,2021-01-07 18:33:36
249,Port Hardy,50.6996,-127.4199,46.4,87,75,20.71,CA,2021-01-07 18:30:12
250,Kapit,2.0167,112.9333,74.1,94,100,1.05,MY,2021-01-07 18:33:37
251,Aklavik,68.2191,-135.0107,-13.0,77,20,9.22,CA,2021-01-07 18:33:37
252,Baghdad,33.3406,44.4009,46.4,53,0,2.3,IQ,2021-01-07 18:31:31
253,Mama,58.3106,112.8986,-9.24,82,100,3.65,RU,2021-01-07 18:33:38
254,Areia Branca,-4.9561,-37.1369,96.8,41,40,20.71,BR,2021-01-07 18:33:38
255,Batemans Bay,-35.7167,150.1833,63.0,92,99,8.03,AU,2021-01-07 18:33:38
256,Sao Joao Da Barra,-21.6403,-41.0511,87.8,58,20,16.11,BR,2021-01-07 18:33:39
257,Faanui,-16.4833,-151.75,80.94,70,100,7.99,PF,2021-01-07 18:33:39
258,Sinnamary,5.3833,-52.95,79.79,87,100,10.56,GF,2021-01-07 18:33:39
259,Kurchum,48.5722,83.6542,-5.66,77,100,1.81,KZ,2021-01-07 18:33:39
260,Sambava,-14.2667,50.1667,77.58,85,7,6.02,MG,2021-01-07 18:33:40
261,Kruisfontein,-34.0033,24.7314,77.0,71,0,3.0,ZA,2021-01-07 18:33:40
262,Bagua Grande,-5.7561,-78.4411,81.32,56,55,2.44,PE,2021-01-07 18:33:40
263,Kamaishi,39.2667,141.8833,23.41,88,2,22.3,JP,2021-01-07 18:33:41
264,Port Hedland,-20.3167,118.5667,86.0,79,90,2.66,AU,2021-01-07 18:33:41
265,Tornio,65.8481,24.1466,17.6,100,75,6.91,FI,2021-01-07 18:33:41
266,Camacari,-12.6975,-38.3242,86.0,62,20,16.11,BR,2021-01-07 18:33:41
267,South Lake Tahoe,38.9332,-119.9844,42.01,50,1,2.06,US,2021-01-07 18:31:48
268,Vestmannaeyjar,63.4427,-20.2734,26.6,59,75,2.3,IS,2021-01-07 18:29:43
269,Severo-Kurilsk,50.6789,156.125,18.23,85,19,7.65,RU,2021-01-07 18:33:42
270,Saskylakh,71.9167,114.0833,-10.8,89,100,8.28,RU,2021-01-07 18:33:42
271,Olga,43.7444,135.2892,-8.84,74,0,15.39,RU,2021-01-07 18:33:43
272,Aswan,24.0934,32.907,72.34,24,0,7.74,EG,2021-01-07 18:33:43
273,Buta,2.7858,24.73,75.7,56,0,1.83,CD,2021-01-07 18:33:07
274,Locri,38.2414,16.2623,66.2,30,1,14.97,IT,2021-01-07 18:33:43
275,Concepcion,-36.827,-73.0498,71.6,49,0,18.41,CL,2021-01-07 18:33:33
276,Vila Franca Do Campo,37.7167,-25.4333,55.4,62,40,21.85,PT,2021-01-07 18:33:44
277,Karwar,14.8,74.1333,77.32,85,100,7.09,IN,2021-01-07 18:33:44
278,Alyangula,-13.8483,136.4192,78.8,100,99,1.14,AU,2021-01-07 18:33:44
279,Mitsamiouli,-11.3847,43.2844,82.09,79,64,8.95,KM,2021-01-07 18:29:54
280,Woodward,36.4337,-99.3904,39.2,80,90,11.5,US,2021-01-07 18:33:44
281,Ribeira Grande,38.5167,-28.7,55.4,67,40,18.41,PT,2021-01-07 18:33:45
282,Yermish,54.7678,42.2711,24.53,98,98,4.43,RU,2021-01-07 18:33:45
283,Kudahuvadhoo,2.6708,72.8944,82.2,75,100,8.86,MV,2021-01-07 18:33:45
284,Vetapalem,15.7833,80.3167,74.37,87,2,5.61,IN,2021-01-07 18:33:45
285,Uruzgan,32.8333,66.0,28.33,85,0,1.14,AF,2021-01-07 18:33:46
286,Skagen,57.7209,10.5839,34.0,85,100,15.99,DK,2021-01-07 18:33:46
287,Antequera,37.0194,-4.5612,52.0,93,90,1.14,ES,2021-01-07 18:33:46
288,Oum Hadjer,13.2954,19.6966,80.64,16,0,12.93,TD,2021-01-07 18:33:47
289,Kempele,64.9131,25.5034,21.2,93,90,8.05,FI,2021-01-07 18:33:47
290,La Ronge,55.1001,-105.2842,30.2,64,0,3.44,CA,2021-01-07 18:33:47
291,Miraflores,19.2167,-98.8083,64.0,39,90,4.61,MX,2021-01-07 18:33:47
292,Kholmy,51.871,32.6006,37.26,95,100,13.29,UA,2021-01-07 18:33:48
293,Morgan City,29.6994,-91.2068,52.0,76,90,14.97,US,2021-01-07 18:33:48
294,Aksarka,66.5606,67.7975,-16.53,87,71,15.59,RU,2021-01-07 18:33:48
295,Juneau,58.3019,-134.4197,42.8,61,90,26.46,US,2021-01-07 18:33:48
296,Husavik,66.0449,-17.3389,15.8,67,0,1.14,IS,2021-01-07 18:33:49
297,North Bend,43.4065,-124.2243,46.99,93,1,8.05,US,2021-01-07 18:33:49
298,Xichang,27.8964,102.2634,44.01,35,86,3.87,CN,2021-01-07 18:33:49
299,La Asuncion,11.0333,-63.8628,80.78,76,100,14.79,VE,2021-01-07 18:33:49
300,Vkhodnoy,54.9518,73.1711,-13.0,70,0,6.71,RU,2021-01-07 18:33:49
301,Kyren,51.6828,102.1408,-0.98,79,0,1.21,RU,2021-01-07 18:33:50
302,Lorengau,-2.0226,147.2712,81.75,71,71,2.64,PG,2021-01-07 18:33:50
303,Port Augusta,-32.5,137.7667,62.6,88,40,12.66,AU,2021-01-07 18:33:50
304,Dauriya,49.9333,116.8667,-15.43,85,93,9.22,RU,2021-01-07 18:33:50
305,Aguadilla,18.4275,-67.1541,84.0,54,1,14.97,PR,2021-01-07 18:33:51
306,San Cristobal,7.7669,-72.225,82.4,65,75,6.91,VE,2021-01-07 18:33:51
307,Suntar,62.1444,117.6319,6.96,93,100,11.43,RU,2021-01-07 18:33:51
308,Francisco Sa,-16.4758,-43.4883,91.4,35,0,6.91,BR,2021-01-07 18:33:51
309,Guiratinga,-16.3494,-53.7583,85.6,57,100,0.87,BR,2021-01-07 18:33:51
310,Agen,44.2,0.6333,36.0,80,0,2.3,FR,2021-01-07 18:33:52
311,Atemar,54.181,45.4091,22.23,98,92,8.12,RU,2021-01-07 18:33:52
312,Ust-Shonosha,61.1531,41.343,-4.41,91,97,3.71,RU,2021-01-07 18:33:52
313,Mount Gambier,-37.8333,140.7667,51.8,93,0,6.91,AU,2021-01-07 18:33:53
314,Umm Lajj,25.0213,37.2685,75.85,59,0,10.71,SA,2021-01-07 18:33:53
315,Srednekolymsk,67.45,153.6833,-25.78,85,60,3.02,RU,2021-01-07 18:33:53
316,Nome,64.5011,-165.4064,5.0,72,90,9.22,US,2021-01-07 18:32:21
317,Chernyshevskiy,63.0128,112.4714,8.38,96,100,9.35,RU,2021-01-07 18:33:54
318,Basco,20.4487,121.9702,68.88,86,100,38.74,PH,2021-01-07 18:30:25
319,Xunchang,28.4543,104.715,34.52,93,100,2.33,CN,2021-01-07 18:33:54
320,Weligama,5.9667,80.4167,76.06,89,93,5.99,LK,2021-01-07 18:33:54
321,Guisa,20.255,-76.5386,86.0,42,40,6.91,CU,2021-01-07 18:33:54
322,Conde,-7.2597,-34.9075,86.0,62,20,13.8,BR,2021-01-07 18:33:55
323,Tautira,-17.7333,-149.15,84.0,74,20,2.3,PF,2021-01-07 18:33:55
324,Matay,28.419,30.7792,64.33,39,0,6.17,EG,2021-01-07 18:33:55
325,Galle,6.0367,80.217,76.96,85,70,5.17,LK,2021-01-07 18:33:55
326,Mariental,-24.6333,17.9667,80.92,49,62,18.41,NA,2021-01-07 18:33:56
327,Akyab,20.15,92.9,70.63,72,0,6.17,MM,2021-01-07 18:33:56
328,Qingdao,36.0986,120.3719,15.01,48,0,4.47,CN,2021-01-07 18:33:56
329,Necochea,-38.5473,-58.7368,72.0,78,0,12.62,AR,2021-01-07 18:33:56
330,Reutte,47.4833,10.7167,28.4,80,75,3.44,AT,2021-01-07 18:33:57
331,Portel,-1.9356,-50.8211,91.63,48,49,3.96,BR,2021-01-07 18:33:57
332,Port Macquarie,-31.4333,152.9167,64.0,82,75,1.99,AU,2021-01-07 18:33:57
333,Goderich,43.7501,-81.7165,30.2,69,96,9.22,CA,2021-01-07 18:33:58
334,Sorland,67.667,12.6934,30.2,93,75,17.27,NO,2021-01-07 18:33:58
335,Muskegon,43.3,-86.1334,35.6,64,90,4.97,US,2021-01-07 18:29:17
336,Sorada,19.75,84.4333,67.87,63,53,0.96,IN,2021-01-07 18:33:58
337,Coromandel,-18.4733,-47.2003,81.64,64,99,4.25,BR,2021-01-07 18:33:59
338,Sambek,47.7431,39.8308,41.0,100,40,20.13,RU,2021-01-07 18:33:59
339,Baghmara,23.795,86.2085,67.03,56,0,5.28,IN,2021-01-07 18:33:59
340,Atar,20.5169,-13.0499,80.69,24,0,8.34,MR,2021-01-07 18:33:59
341,Turukhansk,65.8167,87.9833,-18.6,87,52,12.46,RU,2021-01-07 18:34:00
342,Yulara,-25.2406,130.9889,69.8,21,0,9.22,AU,2021-01-07 18:34:00
343,Tucurui,-3.7661,-49.6725,90.88,54,8,2.53,BR,2021-01-07 18:34:00
344,Kazlu Ruda,54.7667,23.5,32.0,93,90,3.44,LT,2021-01-07 18:34:00
345,Mbeya,-8.9,33.45,62.02,92,92,3.09,TZ,2021-01-07 18:34:01
346,Cobija,-11.0267,-68.7692,82.4,74,75,6.91,BO,2021-01-07 18:34:01
347,Bure,10.7,37.0667,61.86,41,0,7.27,ET,2021-01-07 18:34:01
348,Tashtagol,52.7657,87.8894,-10.61,86,100,3.94,RU,2021-01-07 18:34:01
349,Sokoni,-6.4333,39.55,82.4,78,20,11.5,TZ,2021-01-07 18:34:02
350,Kutum,14.2,24.6667,65.91,25,1,13.73,SD,2021-01-07 18:34:02
351,Marau,-28.4492,-52.2,77.85,70,100,6.69,BR,2021-01-07 18:34:03
352,Rosario,-32.9468,-60.6393,95.0,18,20,8.05,AR,2021-01-07 18:29:16
353,Jak,47.1425,16.5815,28.99,95,76,2.75,HU,2021-01-07 18:34:03
354,Yar-Sale,66.8333,70.8333,-12.96,87,52,18.9,RU,2021-01-07 18:34:03
355,Victoria,22.2855,114.1577,48.99,68,100,5.01,HK,2021-01-07 18:29:24
356,Iralaya,15.0,-83.2333,80.71,67,16,7.29,HN,2021-01-07 18:34:04
357,Silver City,32.7701,-108.2803,57.0,16,1,5.75,US,2021-01-07 18:34:04
358,Waipawa,-41.4122,175.5153,62.6,88,40,5.75,NZ,2021-01-07 18:34:04
359,Caravelas,-17.7125,-39.2481,82.53,65,49,10.76,BR,2021-01-07 18:34:04
360,Novhorodka,48.3651,32.6578,44.6,93,90,8.95,UA,2021-01-07 18:34:05
361,Miranda,3.2499,-76.2281,84.2,51,40,2.3,CO,2021-01-07 18:34:05
362,Kabare,-2.4683,28.8242,63.66,79,37,1.12,CD,2021-01-07 18:34:05
363,Vila Velha,-20.3297,-40.2925,88.0,61,0,19.57,BR,2021-01-07 18:34:05
364,Xuddur,4.1213,43.8894,77.41,30,1,9.08,SO,2021-01-07 18:29:34
365,Novyy Svit,47.8059,38.0211,42.39,83,100,14.79,UA,2021-01-07 18:34:06
366,Isangel,-19.55,169.2667,78.8,89,75,12.39,VU,2021-01-07 18:34:06
367,Broken Hill,-31.95,141.4333,73.4,33,0,13.8,AU,2021-01-07 18:34:06
368,Sitka,57.0531,-135.33,42.8,75,90,24.16,US,2021-01-07 18:34:06
369,Hami,42.8,93.45,7.9,66,12,2.42,CN,2021-01-07 18:34:06
370,Yumen,40.2833,97.2,5.11,68,0,10.51,CN,2021-01-07 18:34:07
371,Quatre Cocos,-20.2078,57.7625,78.8,73,75,11.5,MU,2021-01-07 18:34:07
372,Walvis Bay,-22.9575,14.5053,69.01,82,4,8.05,NA,2021-01-07 18:34:07
373,Taiyuan,37.8694,112.5603,10.4,28,0,13.42,CN,2021-01-07 18:34:07
374,Dikson,73.5069,80.5464,18.39,98,100,12.39,RU,2021-01-07 18:34:08
375,Plainview,40.7765,-73.4673,41.0,45,1,13.8,US,2021-01-07 18:34:08
376,Suar,29.0333,79.05,57.65,74,0,5.37,IN,2021-01-07 18:34:08
377,Opotiki,-38.0833,177.2833,62.01,97,100,1.01,NZ,2021-01-07 18:34:09
378,Kabwe,-14.4469,28.4464,69.22,95,99,4.65,ZM,2021-01-07 18:34:09
379,Westport,41.1415,-73.3579,39.99,100,1,13.8,US,2021-01-07 18:34:09
380,Ko Samui,9.5357,99.9357,81.19,73,2,6.02,TH,2021-01-07 18:29:21
381,Guarapari,-20.6667,-40.4975,88.0,61,0,19.57,BR,2021-01-07 18:33:11
382,Trairi,-3.2778,-39.2689,85.17,64,48,16.22,BR,2021-01-07 18:34:10
383,Smithers,54.7804,-127.1743,28.4,86,75,4.61,CA,2021-01-07 18:34:10
384,Kaniama,-7.5667,24.1833,67.48,97,100,5.32,CD,2021-01-07 18:34:10
385,Tadine,-21.55,167.8833,79.38,85,100,15.75,NC,2021-01-07 18:34:10
386,Yerbogachen,61.2767,108.0108,1.38,92,100,11.07,RU,2021-01-07 18:34:11
387,Yamada,39.4667,141.95,22.77,87,8,23.94,JP,2021-01-07 18:34:11
388,Bandarbeyla,9.4942,50.8122,74.3,68,4,22.66,SO,2021-01-07 18:34:11
389,Brigantine,39.4101,-74.3646,46.0,45,1,13.8,US,2021-01-07 18:34:12
390,Rio Gallegos,-51.6226,-69.2181,68.0,32,75,18.41,AR,2021-01-07 18:32:46
391,Torbeyevo,54.0797,43.2473,32.76,99,100,7.16,RU,2021-01-07 18:34:12
392,Nizwa,22.9333,57.5333,51.4,49,0,13.11,OM,2021-01-07 18:34:12
393,Presidencia Roque Saenz Pena,-26.7852,-60.4388,91.99,42,88,1.99,AR,2021-01-07 18:33:36
394,Lingao,19.9103,109.6859,58.12,76,100,20.11,CN,2021-01-07 18:34:13
395,Orion,14.6206,120.5817,78.01,78,20,5.75,PH,2021-01-07 18:34:13
396,Mandera,3.9366,41.867,81.54,24,0,7.56,KE,2021-01-07 18:34:13
397,Lavrentiya,65.5833,-171.0,-12.98,83,0,5.55,RU,2021-01-07 18:34:13
398,Campina Grande Do Sul,-25.3056,-49.0553,86.0,40,64,3.02,BR,2021-01-07 18:34:14
399,Mamallapuram,12.6264,80.1722,78.8,94,75,8.79,IN,2021-01-07 18:34:14
400,Berlevag,70.8578,29.0864,24.8,58,0,10.36,NO,2021-01-07 18:34:14
401,Derzhavinsk,51.1,66.3167,-20.22,84,0,5.88,KZ,2021-01-07 18:34:14
402,Aliaga,15.5167,120.8667,75.2,83,75,4.61,PH,2021-01-07 18:34:15
403,Yazykovo,55.2199,56.1353,12.13,93,100,14.43,RU,2021-01-07 18:34:15
404,Ndioum,16.5129,-14.6471,96.8,23,0,2.3,SN,2021-01-07 18:34:15
405,Plettenberg Bay,-34.0527,23.3716,70.61,86,5,6.29,ZA,2021-01-07 18:34:16
406,Nyurba,63.2842,118.3319,7.86,95,100,7.14,RU,2021-01-07 18:34:16
407,Samarai,-10.6167,150.6667,82.94,76,86,0.74,PG,2021-01-07 18:34:16
408,Miandrivazo,-19.5167,45.4667,76.87,85,100,1.97,MG,2021-01-07 18:34:16
409,Port-Gentil,-0.7193,8.7815,78.8,94,90,9.22,GA,2021-01-07 18:29:42
410,Shelburne,44.0787,-80.2041,30.2,64,1,8.05,CA,2021-01-07 18:30:12
411,Aripuana,-9.1667,-60.6333,86.13,72,100,2.19,BR,2021-01-07 18:31:27
412,San Martin Sacatepequez,14.8167,-91.65,73.99,48,75,16.11,GT,2021-01-07 18:34:17
413,Krasnyy Yar,46.5331,48.3456,32.0,100,90,8.95,RU,2021-01-07 18:34:18
414,Stornoway,58.2093,-6.3865,35.6,87,40,18.41,GB,2021-01-07 18:34:18
415,Mecca,21.4267,39.8261,76.15,63,0,5.99,SA,2021-01-07 18:30:25
416,Inndyr,67.0338,14.0276,24.8,54,20,21.85,NO,2021-01-07 18:34:18
417,Issoudun,47.0,1.8333,37.4,87,90,5.75,FR,2021-01-07 18:34:18
418,Arkhangelsk,64.5401,40.5433,-0.4,85,75,4.47,RU,2021-01-07 18:34:19
419,Bloemfontein,-29.1211,26.214,73.4,60,0,4.61,ZA,2021-01-07 18:34:19
420,Kishi,9.0833,3.85,82.85,14,94,2.46,NG,2021-01-07 18:31:13
421,Wote,-1.7808,37.6288,64.17,90,38,3.83,KE,2021-01-07 18:34:19
422,Kimbe,-5.5502,150.1429,76.39,88,100,2.89,PG,2021-01-07 18:34:19
423,Roald,62.5833,6.1333,33.8,64,40,14.97,NO,2021-01-07 18:34:20
424,Katherine,-14.4667,132.2667,80.6,83,100,3.44,AU,2021-01-07 18:34:20
425,Diamantino,-14.4086,-56.4461,88.84,57,100,2.26,BR,2021-01-07 18:34:21
426,Lithgow,-33.4833,150.15,48.99,4,65,7.99,AU,2021-01-07 18:34:21
427,Bozoum,6.3193,16.3799,74.93,19,56,3.42,CF,2021-01-07 18:34:21
428,Acarau,-2.8856,-40.12,85.37,64,3,18.97,BR,2021-01-07 18:31:21
429,Salalah,17.0151,54.0924,73.4,27,0,10.36,OM,2021-01-07 18:34:07
430,Inhambane,-23.865,35.3833,82.0,78,40,9.22,MZ,2021-01-07 18:34:22
431,Karaton,-6.3424,106.1045,81.0,78,20,8.05,ID,2021-01-07 18:34:22
432,Qaqortoq,60.7167,-46.0333,37.4,87,90,3.44,GL,2021-01-07 18:34:22
433,Baoding,38.8511,115.4903,9.09,64,0,4.21,CN,2021-01-07 18:34:22
434,Tyukalinsk,55.8732,72.1967,-17.99,85,0,3.67,RU,2021-01-07 18:34:23
435,Parabel,58.6978,81.4825,-16.55,83,100,4.72,RU,2021-01-07 18:34:23
436,Minot,48.2325,-101.2963,37.4,70,90,11.5,US,2021-01-07 18:34:23
437,Mayor Pablo Lagerenza,-19.9309,-60.7718,90.07,46,78,8.39,PY,2021-01-07 18:34:23
438,Nhulunbuy,-12.2333,136.7667,80.6,94,100,3.44,AU,2021-01-07 18:34:23
439,Doka,13.5167,35.7667,76.55,31,0,10.8,SD,2021-01-07 18:34:24
440,Bintulu,3.1667,113.0333,75.2,100,40,3.6,MY,2021-01-07 18:34:24
441,Constitucion,-35.3333,-72.4167,68.18,54,0,20.42,CL,2021-01-07 18:34:24
442,Ampanihy,-24.7,44.75,77.97,77,93,8.86,MG,2021-01-07 18:34:24
443,Goma,-1.6792,29.2228,66.11,77,37,3.24,CD,2021-01-07 18:34:25
444,Mozarlandia,-14.7447,-50.5706,91.35,51,100,3.78,BR,2021-01-07 18:34:25
445,Russell,32.3502,-85.1999,48.2,76,90,8.05,US,2021-01-07 18:34:25
446,Raudeberg,61.9875,5.1352,37.99,69,100,18.25,NO,2021-01-07 18:34:25
447,Devonport,-41.1667,146.35,61.0,83,50,2.08,AU,2021-01-07 18:34:26
448,Uto,32.6833,130.6667,24.01,79,100,5.01,JP,2021-01-07 18:31:04
449,Dogondoutchi,13.6393,4.0287,84.45,12,3,9.28,NE,2021-01-07 18:34:26
450,Namatanai,-3.6667,152.4333,79.75,79,100,7.52,PG,2021-01-07 18:30:10
451,Veere,51.5483,3.6667,37.99,100,75,5.75,NL,2021-01-07 18:34:27
452,Rawson,-43.3002,-65.1023,65.41,51,7,27.92,AR,2021-01-07 18:34:27
453,Kendari,-3.945,122.4989,76.66,92,100,3.98,ID,2021-01-07 18:34:28
454,Thinadhoo,0.5333,72.9333,82.54,81,100,18.43,MV,2021-01-07 18:34:28
455,Dunedin,-45.8742,170.5036,52.0,74,88,5.99,NZ,2021-01-07 18:32:05
456,Myitkyina,25.3833,97.4,62.29,82,41,2.44,MM,2021-01-07 18:34:28
457,Rey Bouba,8.6724,14.1786,83.23,14,89,3.49,CM,2021-01-07 18:34:29
458,Kyshtovka,56.555,76.6271,-15.02,84,48,5.26,RU,2021-01-07 18:34:29
459,Na Klang,17.3072,102.1889,72.0,89,80,4.41,TH,2021-01-07 18:34:29
460,Atambua,-9.1061,124.8925,74.8,88,100,2.55,ID,2021-01-07 18:34:29
461,Lalganj,25.8667,85.1833,59.0,82,0,5.79,IN,2021-01-07 18:34:30
462,Myaundzha,63.0494,147.1858,-32.06,81,61,1.39,RU,2021-01-07 18:34:30
463,Faya,18.3851,42.4509,57.2,67,40,5.75,SA,2021-01-07 18:34:30
464,Cam Ranh,11.9214,109.1591,75.2,78,40,11.5,VN,2021-01-07 18:34:30
465,Ponta Delgada,37.7333,-25.6667,55.4,62,40,21.85,PT,2021-01-07 18:34:31
466,Udachnyy,66.4167,112.4,0.7,90,100,17.22,RU,2021-01-07 18:34:31
467,Gat,31.61,34.7642,63.0,73,97,3.98,IL,2021-01-07 18:34:31
468,Lewistown,40.5992,-77.5714,41.0,60,1,8.05,US,2021-01-07 18:34:31
469,Eastlake,41.6539,-81.4504,35.01,74,90,5.75,US,2021-01-07 18:29:32
470,San Patricio,28.017,-97.5169,64.4,27,20,13.8,US,2021-01-07 18:34:32
471,Mishelevka,52.8575,103.1719,3.61,91,99,7.23,RU,2021-01-07 18:34:32
472,Aquiraz,-3.9014,-38.3911,87.8,58,0,19.57,BR,2021-01-07 18:34:32
473,Ixtapa,20.7,-105.2,75.2,69,90,4.85,MX,2021-01-07 18:32:28
474,College,64.8569,-147.8028,1.4,78,75,4.61,US,2021-01-07 18:34:33
475,Marathon,44.9,-89.7668,30.0,80,75,4.61,US,2021-01-07 18:34:33
476,Manta,-0.95,-80.7333,82.4,74,40,10.36,EC,2021-01-07 18:34:33
477,Bongandanga,1.5,21.05,78.66,65,100,2.28,CD,2021-01-07 18:34:01
478,Nanortalik,60.1432,-45.2371,38.3,93,100,11.68,GL,2021-01-07 18:34:34
479,Carbondale,37.7273,-89.2168,37.4,70,90,9.22,US,2021-01-07 18:31:40
480,Gamba,-2.65,10.0,78.15,88,100,8.03,GA,2021-01-07 18:34:35
481,Payo,-3.7508,103.6372,72.72,94,85,1.28,ID,2021-01-07 18:34:35
482,Palu,-0.8917,119.8707,76.28,82,100,1.45,ID,2021-01-07 18:31:06
483,General Roca,-39.0333,-67.5833,84.2,17,0,4.61,AR,2021-01-07 18:34:35
484,Otane,-39.8833,176.6333,62.01,89,100,3.76,NZ,2021-01-07 18:34:36
485,Nianzishan,47.5167,122.8833,-16.01,79,0,4.14,CN,2021-01-07 18:34:36
486,Kysyl-Syr,63.8986,122.7617,-26.75,85,100,6.62,RU,2021-01-07 18:34:36
487,Svetlaya,46.5389,138.3297,0.46,82,100,11.97,RU,2021-01-07 18:34:36
488,Bardiyah,31.7561,25.0865,61.97,81,100,7.54,LY,2021-01-07 18:34:37
489,Muros,42.7762,-9.0603,44.01,83,1,15.73,ES,2021-01-07 18:34:37
490,Guilin,25.2819,110.2864,33.8,69,90,13.42,CN,2021-01-07 18:34:37
491,Monrovia,6.3005,-10.7969,84.2,79,20,6.91,LR,2021-01-07 18:34:37
492,Lae,-6.7221,146.9847,77.04,71,40,7.05,PG,2021-01-07 18:34:38
493,Witney,51.7836,-1.4854,28.99,100,90,2.3,GB,2021-01-07 18:32:16
494,Abu Kamal,34.4506,40.9171,53.94,45,3,4.03,SY,2021-01-07 18:34:38
495,Belyy,55.8402,32.9419,23.56,97,99,6.53,RU,2021-01-07 18:34:38
496,Condega,13.365,-86.3985,75.2,73,40,9.22,NI,2021-01-07 18:34:39
497,Dillon,34.4166,-79.3712,53.01,50,1,4.61,US,2021-01-07 18:30:00
498,Benghazi,32.1167,20.0667,64.4,66,30,8.55,LY,2021-01-07 18:34:39
499,Mvuma,-19.2792,30.5283,65.82,93,100,9.6,ZW,2021-01-07 18:34:39
500,Omboue,-1.5746,9.2618,78.28,87,100,10.69,GA,2021-01-07 18:34:39
501,Samana,19.2056,-69.3369,84.2,79,40,6.91,DO,2021-01-07 18:34:40
502,Nchelenge,-9.3451,28.734,73.83,79,72,4.92,ZM,2021-01-07 18:34:40
503,Dalhousie,32.5333,75.9833,38.23,68,100,5.23,IN,2021-01-07 18:34:40
504,Pierreville,46.0703,-72.8112,30.0,69,0,2.3,CA,2021-01-07 18:34:40
505,Iranshahr,27.2025,60.6848,46.4,23,0,6.91,IR,2021-01-07 18:34:41
506,Hurricane,37.1753,-113.2899,42.8,36,1,2.68,US,2021-01-07 18:33:26
507,Kuusamo,65.9667,29.1833,12.2,92,90,4.61,FI,2021-01-07 18:34:41
508,Coos Bay,43.3665,-124.2179,46.99,93,1,8.05,US,2021-01-07 18:34:41
509,Zhezkazgan,47.8043,67.7144,-20.2,76,20,2.24,KZ,2021-01-07 18:30:09
510,Tambacounda,13.7539,-13.7586,102.2,12,0,6.91,SN,2021-01-07 18:34:42
511,Spencer,43.1414,-95.1444,28.4,93,90,8.05,US,2021-01-07 18:34:42
512,Pascagoula,30.3658,-88.5561,60.8,63,75,9.22,US,2021-01-07 18:34:42
513,Pafos,34.7667,32.4167,59.0,77,100,4.61,CY,2021-01-07 18:34:43
514,Harper,4.375,-7.7169,79.61,83,50,5.5,LR,2021-01-07 18:33:13
515,Jiwani,25.05,61.7417,57.92,35,0,26.96,PK,2021-01-07 18:34:43
516,Igrim,63.1906,64.4162,-9.85,90,84,4.9,RU,2021-01-07 18:34:43
517,Corrales,35.2378,-106.6067,46.0,22,1,3.44,US,2021-01-07 18:34:43
518,Sorong,-0.8833,131.25,81.12,79,47,6.58,ID,2021-01-07 18:34:44
519,Oliveira,-20.6964,-44.8272,79.54,71,100,4.18,BR,2021-01-07 18:34:44
520,Yinchuan,38.4681,106.2731,4.17,51,0,3.78,CN,2021-01-07 18:34:44
521,Sao Paulo De Olivenca,-3.3783,-68.8725,88.36,58,31,2.37,BR,2021-01-07 18:34:45
522,Nagato,34.3833,131.2,30.2,55,75,20.71,JP,2021-01-07 18:31:02
523,Truro,50.2653,-5.0544,37.99,87,40,6.91,GB,2021-01-07 18:34:45
524,Nedjo,9.5046,35.5019,63.82,37,0,4.38,ET,2021-01-07 18:34:45
525,Taft,31.7471,54.2088,32.0,37,0,2.3,IR,2021-01-07 18:34:45
526,Biak,-0.9131,122.8766,76.75,81,100,3.56,ID,2021-01-07 18:34:46
527,Beyneu,45.3167,55.2,27.16,68,44,18.68,KZ,2021-01-07 18:34:46
528,Okhotsk,59.3833,143.3,-22.47,79,36,11.79,RU,2021-01-07 18:29:55
529,Lensk,60.7253,114.9278,-1.91,88,100,17.16,RU,2021-01-07 18:34:47
530,Sharkan,57.2989,53.8712,15.01,88,94,1.99,RU,2021-01-07 18:34:47
531,Songea,-10.6833,35.65,77.0,73,20,4.61,TZ,2021-01-07 18:34:47
532,Neiafu,-18.65,-173.9833,77.0,83,75,5.75,TO,2021-01-07 18:34:48
533,Agirish,61.9247,63.0231,-7.73,91,100,5.79,RU,2021-01-07 18:34:48
534,Laohekou,32.3858,111.6678,27.55,61,79,1.9,CN,2021-01-07 18:34:48
535,Khandbari,27.3747,87.2039,54.52,59,0,1.88,NP,2021-01-07 18:34:48
536,Centralia,46.7162,-122.9543,46.4,100,40,5.75,US,2021-01-07 18:34:48
537,Lasa,46.6166,10.7002,28.4,73,0,2.3,IT,2021-01-07 18:34:49
538,Zhigansk,66.7697,123.3711,-32.84,82,100,13.27,RU,2021-01-07 18:34:49
539,Pasni,25.2631,63.471,56.28,39,0,37.71,PK,2021-01-07 18:34:49
540,Ludvika,60.1496,15.1878,25.0,93,90,4.61,SE,2021-01-07 18:33:36
541,Atlantic City,39.3643,-74.4229,44.6,45,1,13.8,US,2021-01-07 18:34:46
542,Moose Factory,51.2585,-80.6094,8.6,85,75,6.91,CA,2021-01-07 18:34:50
543,Sangar,63.9242,127.4739,-42.32,77,100,9.66,RU,2021-01-07 18:34:50
544,Nahrin,36.0649,69.1334,20.77,92,100,0.58,AF,2021-01-07 18:32:30
545,Geraldton,-28.7667,114.6,69.8,49,0,4.61,AU,2021-01-07 18:31:20
546,Batagay,67.6333,134.6333,-25.38,84,78,3.42,RU,2021-01-07 18:34:51
547,Silistea,44.3833,25.35,44.01,82,100,7.78,RO,2021-01-07 18:34:51
548,Netarhat,23.4833,84.2667,55.6,68,0,0.83,IN,2021-01-07 18:34:51
549,Niamey,13.5137,2.1098,93.2,8,38,6.91,NE,2021-01-07 18:34:51
550,Waingapu,-9.6567,120.2641,79.99,79,100,3.02,ID,2021-01-07 18:34:52
551,Noumea,-22.2763,166.4572,82.99,100,90,5.75,NC,2021-01-07 18:34:52
552,Maldonado,-34.6667,-54.9167,78.8,57,20,17.27,UY,2021-01-07 18:34:52
553,Moindou,-21.6924,165.677,77.0,100,90,5.75,NC,2021-01-07 18:34:52
554,Sobolevo,54.4299,31.8996,30.42,98,100,10.65,RU,2021-01-07 18:34:53
555,Port Moresby,-9.4431,147.1797,77.0,100,40,3.44,PG,2021-01-07 18:34:53
556,Iberia,29.9502,-91.7507,51.8,76,90,14.97,US,2021-01-07 18:34:53
557,Mastic Beach,40.7668,-72.8521,39.2,48,1,16.11,US,2021-01-07 18:34:53
558,Alibag,18.6411,72.8792,80.6,69,40,5.75,IN,2021-01-07 18:34:54
559,Oriximina,-1.7656,-55.8661,91.62,46,30,5.75,BR,2021-01-07 18:34:54
560,Kulhudhuffushi,6.6221,73.07,81.66,75,1,5.12,MV,2021-01-07 18:34:54
561,Wagar,16.1525,36.2032,71.96,79,0,20.56,SD,2021-01-07 18:34:54
562,Alice Town,25.7167,-79.3,71.22,56,0,10.11,BS,2021-01-07 18:34:54
563,Niesky,51.2924,14.8211,33.01,83,89,5.01,DE,2021-01-07 18:34:55
564,Porto Torres,40.835,8.3972,42.8,93,20,4.61,IT,2021-01-07 18:34:55
565,Liwale,-9.7667,37.9333,71.17,97,79,3.36,TZ,2021-01-07 18:34:22
566,Neuquen,-38.9516,-68.0591,84.2,17,0,4.61,AR,2021-01-07 18:34:56
567,Kaka,37.3482,59.6143,28.35,88,0,8.01,TM,2021-01-07 18:34:56
568,Hasaki,35.7333,140.8333,32.0,55,20,9.22,JP,2021-01-07 18:34:56
569,Richards Bay,-28.783,32.0377,72.64,80,85,2.13,ZA,2021-01-07 18:34:56
570,Alice Springs,-23.7,133.8833,60.8,55,0,8.43,AU,2021-01-07 18:34:56
571,Sur,22.5667,59.5289,66.78,43,0,19.01,OM,2021-01-07 18:34:57
572,Libreville,0.3925,9.4537,82.4,78,40,5.75,GA,2021-01-07 18:34:57
573,Codajas,-3.8367,-62.0569,83.08,84,100,3.33,BR,2021-01-07 18:34:57
574,Komsomolskiy,40.4272,71.7189,24.8,74,90,9.22,UZ,2021-01-07 18:34:58
